,CD107a,MIP1b,IFNg,ADCP,ADNP,ADCD,EnhancementIgG1,5.985,9.595,0.7775,102.3922275,39.72964,2963,NoneIgG2,3.62,14.6725,0.1475,103.198655,107.808535,3957.5,NoneIgG4,5.1325,10.67,1.0575,121.3146425,81.0878525,2192.25,NoneLALA,4.0975,11.3025,0.2375,98.371765,87.093725,3844,NoneLALA LS,9.52,15.375,0.6725,115.5165775,62.412175,3595.5,NoneN297Q,3.7525,15.825,0.33525,94.595545,45.6751675,3737.25,NoneAA LS,16.925,36.725,0.5925,151.85596,48.5135425,7075.75,Half-lifeQL,9.3075,16.325,0.5175,138.017515,52.72851,5392.25,Half-lifeQLS,4.235,9.845,0.735,125.59007,86.4657525,4548,Half-lifeYTE,3.91,19.625,0.3175,153.9675425,47.8953825,5652,Half-lifeYTE LS,8.53,20.5,0.3175,128.448735,49.6202075,7099,Half-lifeE380A,50.475,69.95,1.405,156.86165,129.3008175,6520,Half-lifeE380A LS,26.4,47.75,1.215,136.770385,55.9796175,8269.25,Half-lifeEANA,30.575,56.575,1.2075,135.877745,53.521935,,Half-lifeAAA,17.35,33.6,0.66,110.3009925,48.1892975,4473,Half-lifeDVNH,30.15,48.05,0.3525,105.1714825,51.1347325,4953.25,Half-lifeMLNS,25.1,48.575,0.4875,144.0144,62.439945,7121.5,Half-lifeN434A,5.1525,14.575,0.4,78.6245775,47.916165,3520.5,Half-lifeN434W,25.05,34.875,0.4225,111.12029,62.49276,3487.75,Half-lifePINH,5.3125,12.855,0.665,130.1345175,95.36221,3861.5,Half-lifeP257I LS,5.905,11.305,0.2575,131.1138525,64.73449,5524,Half-lifePIQI,4.2325,10.6225,0.665,141.2293175,80.290485,5008.25,Half-lifePIQI LS,4.945,8.9125,0.3975,133.1477875,98.669745,4821,Half-lifeD376V LS,7.3575,14.95,0.56,136.9559525,38.5480025,4349.25,Half-lifeS324T,39.3,58.5,1.165,131.65483,101.0218075,6357.75,ADCDS324T LS,11.5675,20.175,1.7975,124.5845175,108.742045,6611.75,ADCDHFST,19.1,39.625,0.2725,116.698825,84.76441,6551,ADCDHFST LS,9.6125,20.45,0.36,145.1044075,58.7437075,6699.25,ADCDE345R LS,13.9,23.725,0.315,146.005645,47.2920875,5852,ADCDSEHFST LS,4.19,9.18,0.5625,133.3358225,130.389195,8067,ADCDKWES,5.3625,14.2,0.4425,117.7594425,96.75498,7408,ADCDRGY LS,10.5325,20.45,0.4075,118.5924,102.2405125,5176.75,ADCDALS,13.725,24.675,0.515,105.9322275,34.6685425,5411.5,"ADCD, ADCC"LPLIL LS,54.275,72.475,4.1725,146.9657225,150.1558375,10368,ADCCSAEAKA,36.775,55.5,0.865,123.3182775,94.5897925,8735.5,ADCCEFTEA,27.95,46.375,0.6875,105.75408,98.6766025,5504.25,"ADCC, ADCP"EFTEA LS,30.5,49.35,0.54,114.5694,97.927025,5744.25,"ADCC, ADCP"I332E,48.85,74.35,3.1225,132.8964975,68.917355,5808.5,"ADCC, ADCP"I332E LS,24.5,34.9,1.1675,121.4178675,67.1435325,5368.5,"ADCC, ADCP"IgG3 RH,25.025,60.525,1.075,172.3806575,141.8628125,11724.5,"ADCC, ADCP"SDIE,48,66.725,1.7175,127.48258,77.9557875,5875.25,"ADCC, ADCP"SDIE LS,54.425,77.4,1.22,122.246105,117.2870075,8738.25,"ADCC, ADCP"SDIEAL,52.925,73.2,1.5725,117.7357825,57.944705,2727,"ADCC, ADCP"SDIEAL LS,49.175,70.725,1.89,135.260315,85.9897875,3570.25,"ADCC, ADCP"SDIEGA,42.8,64.6,1.1225,141.1815925,75.5813325,4287.25,"ADCC, ADCP"SDIEGA LS,53.45,75.4,1.6225,161.3866275,149.12811,9669.75,"ADCC, ADCP"SDIESA,3.2975,16.425,0.6175,140.475475,57.5851375,5387.5,"ADCC, ADCP"SDIESA LS,53.5,76.8,2.36,143.85102,160.9960925,10808.25,"ADCC, ADCP"SDIEALGA,53.725,74.9,1.5525,163.9792775,130.065475,3648.25,"ADCC, ADCP"SDIEALGA LS,51.975,73.925,1.7025,151.75229,107.8970125,3529,"ADCC, ADCP"K326W,6.855,13.2975,0.2875,115.1335825,64.58585,8064,"ADCC, ADCP"E333A,28.9,46.5,0.3075,115.8051875,41.5146425,7409,"ADCC, ADCP"SELF,4.865,16.5925,0.5675,122.2229225,76.4201275,6815.5,ADCPSELF LS,5.43,12.25,0.7,145.9308,94.7226,8145.75,ADCP